<?xml version="1.0" encoding="UTF-8"?>
<project-private xmlns="http://www.netbeans.org/ns/project-private/1">
    <editor-bookmarks xmlns="http://www.netbeans.org/ns/editor-bookmarks/2" lastBookmarkId="0"/>
    <open-files xmlns="http://www.netbeans.org/ns/projectui-open-files/2">
        <group>
            <file>file:/C:/Users/Msi/Desktop/PTS/web/jsp/userPage.jsp</file>
            <file>file:/C:/Users/Msi/Desktop/PTS/web/jsp/Register.jsp</file>
            <file>file:/C:/Users/Msi/Desktop/PTS/src/java/BoardPageServlet.java</file>
            <file>file:/C:/Users/Msi/Desktop/PTS/src/java/MyDb.java</file>
            <file>file:/C:/Users/Msi/Desktop/PTS/web/WEB-INF/web.xml</file>
            <file>file:/C:/Users/Msi/Desktop/PTS/web/jsp/index.jsp</file>
            <file>file:/C:/Users/Msi/Desktop/PTS/web/jsp/BoardPage.jsp</file>
        </group>
    </open-files>
</project-private>
